{
    "acl": {
        "aclist2": [
            {
                "aceid": 1,
                "subject": { "conntype": "anon-clear" },
                "resources": [
                    { "href": "/oic/res" },
                    { "href": "/oic/d" },
                    { "href": "/oic/p"},
                    { "href": "/oic/sec/doxm"}
                ],
                "permission": 2
            },
            {
                "aceid": 2,
                "subject": { "conntype": "auth-crypt" },
                "resources": [
                    { "href": "/oic/res" },
                    { "href": "/oic/d" },
                    { "href": "/oic/p"},
                    { "href": "oic/sec/doxm"}
                ],
                "permission": 2
            }
        ],
        "rowneruuid": "32323232-3232-3232-3232-323232323232"
    },
    "pstat": {
        "dos": { "s": 3, "p": false },
        "isop": true,
        "cm": 0,
        "tm": 0,
        "om": 4,
        "sm": 4,
        "rowneruuid": "32323232-3232-3232-3232-323232323232"
    },
    "doxm": {
        "oxms": [0],
        "oxmsel": 0,
        "sct": 1,
        "owned": true,
        "deviceuuid": "32323232-3232-3232-3232-323232323232",
        "devowneruuid": "32323232-3232-3232-3232-323232323232",
        "rowneruuid": "32323232-3232-3232-3232-323232323232"
    },
    "cred":{
        "creds": [
            {
                "credid": 1,
                "subjectuuid": "12345678-1234-1234-1234-123456789012",
                "credtype": 1,
                "privatedata":{
                    "data":"AAAAAAAAAAAAAAAA",
                    "encoding": "oic.sec.encoding.raw"
                }
            }],
        "rowneruuid": "32323232-3232-3232-3232-323232323232"
    }
}
