{
    "acl": {
        "aclist2": [
            {
                "aceid": 1,
                "subject": { "conntype": "anon-clear" },
                "resources": [
                    { "href": "/oic/res" },
                    { "href": "/oic/d" },
                    { "href": "/oic/p" }
                ],
                "permission": 2
            },
            {
                "aceid": 2,
                "subject": { "conntype": "auth-crypt" },
                "resources": [
                    { "href": "/oic/res" },
                    { "href": "/oic/d" },
                    { "href": "/oic/p" }
                ],
                "permission": 2
            },
            {
                "aceid": 3,
                "subject": { "conntype": "anon-clear" },
                "resources": [
                    { "href": "/oic/sec/doxm" }
                ],
                "permission": 14
            },
            {
                "aceid": 4,
                "subject": { "conntype": "auth-crypt" },
                "resources": [
                    { "href": "/oic/sec/doxm" }
                ],
                "permission": 14
            },
            {
                "aceid": 5,
                "subject": {"conntype": "auth-crypt" },
                "resources":[
                    { "href":"/switch",
                      "rt" : ["oic.r.switch.binary"],
                      "if" : ["oic.if.baseline", "oic.if.a"]}
                ],
                "permission": 7
            }
        ],
        "rowneruuid": "00000000-0000-0000-0000-000000000000",
        "rt": ["oic.r.acl2"],
        "if": ["oic.if.baseline"]
    },
    "pstat": {
        "dos": { "s": 1, "p": false },
        "isop": false,
        "cm": 2,
        "tm": 0,
        "om": 4,
        "sm": 4,
        "rowneruuid": "00000000-0000-0000-0000-000000000000",
        "rt": ["oic.r.pstat"],
        "if": ["oic.if.baseline"]
    },
    "doxm": {
        "oxms": [0],
        "oxmsel": 0,
        "sct": 9,
        "owned": false,
        "deviceuuid": "12345678-1234-1234-1234-123456789012",
        "devowneruuid": "00000000-0000-0000-0000-000000000000",
        "rowneruuid": "00000000-0000-0000-0000-000000000000",
        "rt": ["oic.r.doxm"],
        "if": ["oic.if.baseline"]
    }
}
