{
    "swagger": "2.0",
    "info": {
      "title": "OCF Dev Kit",
      "version": "1.0"
    },
    "schemes": [
        "http"
    ],
    "consumes": [
        "application/json"
    ],
    "produces": [
        "application/json"
    ],
    "paths": {
       "/switch": {
          "get": {
            "parameters": [
               {
                 "name": "if",
                 "in": "query",
                 "description": "",
                 "enum": [ "oic.if.a","oic.if.baseline" ],

                 "type": "string"
                }
            ],
            "responses": {
              "200" : {
                  "description" : "",
                  "schema" :
                  {
                    "$ref": "#/definitions/BinarySwitch"
                  }
               }
            }

           },

          "post": {
            "parameters": [
               {
                 "name": "if",
                 "in": "query",
                 "description": "",
                 "enum": [ "oic.if.a","oic.if.baseline" ],

                 "type": "string"
                },
                {
                  "name": "body",
                  "in": "body",
                  "required": false,
                   "schema" :
                  {
                    "$ref": "#/definitions/BinarySwitch"
                  }
                }
            ],
            "responses": {
              "200" : {
                  "description" : "",
                   "schema" :
                  {
                    "$ref": "#/definitions/BinarySwitch"
                  }

               }
            }
          }
        }
    },
    "definitions":
    {
        "BinarySwitch": {
           "type": "object",
           "required": [
             "value"
           ],
           "properties":  {
               "value": {
                  "type": "boolean",
                  "description": "Status of the switch"
                },
                "rt": {
                  "type": "array",
                  "items" : [
                    {
                      "type" : "string",
                      "maxLength": 64
                    }
                  ],
                  "minItems" : 1,
                  "description": "Resource Type",
                  "readOnly" : true,
                  "default" : [ "oic.r.switch.binary" ]
                },
                "if": {
                    "type": "array",
                    "description": "The interface set supported by this resource",
                    "readOnly" : true,
                    "items": {
                        "type": "string",
                        "enum": [
                            "oic.if.baseline",
                            "oic.if.a"
                        ]
                    }
                },
                "n": {
                    "type": "string",
                    "maxLength": 64,
                    "description": "Friendly name of the resource",
                    "readOnly" : true
                },
                "id": {
                    "type": "string",
                    "description": "Instance ID of this specific resource",
                    "readOnly" : true
                },
                "range": {
                    "type": "array",
                    "description": "The valid range for the value Property",
                    "readOnly" : true,
                    "minItems": 2,
                    "maxItems": 2,
                    "items": {
                        "type": "number"
                    }
                }
            }
        }
    }

}
