{
    "acl": {
        "aclist": {
            "aces": [
                {
                    "subjectuuid": "*",
                    "resources": [
                        {
                            "href": "/oic/res",
                            "rel": "",
                            "rt": ["oic.wk.res"],
                            "if": ["oic.if.ll"]
                        },{
                            "href": "/oic/d",
                            "rel": "",
                            "rt": ["oic.wk.d"],
                            "if": ["oic.if.baseline", "oic.if.r"]
                        },{
                            "href": "/oic/p",
                            "rel": "",
                            "rt": ["oic.wk.p"],
                            "if": ["oic.if.baseline", "oic.if.r"]
                        }
                    ],
                    "permission": 2
                },
                {
                    "subjectuuid": "*",
                    "resources": [
                        {
                            "href": "/oic/sec/doxm",
                            "rel": "",
                            "rt": ["oic.r.doxm"],
                            "if": ["oic.if.baseline"]
                        },
                        {
                            "href": "/oic/sec/pstat",
                            "rel": "",
                            "rt": ["oic.r.pstat"],
                            "if": ["oic.if.baseline"]
                        }
                    ],
                    "permission": 2
                },
            	{
                    "subjectuuid": "*",
                    "resources": [
                        {
                            "href": "*",
                            "rel": "",
                            "rt": ["*"],
                            "if": ["*"]
                        }
                    ],
                    "permission": 31
                }
            ]
        },
        "rowneruuid" : "61646D69-6E44-6576-6963-H45Y64HGH453"
    },
    "pstat": {
        "isop": true,
        "cm": 0,
        "tm": 0,
        "om": 4,
        "sm": 4,
        "deviceuuid": "61646D69-6E44-6576-6963-H45Y64HGH453",
        "rowneruuid": "61646D69-6E44-6576-6963-H45Y64HGH453"
    },
    "doxm": {
        "oxms": [0],
        "oxmsel": 0,
        "sct": 9,
        "owned": true,
        "deviceuuid": "61646D69-6E44-6576-6963-H45Y64HGH453",
        "devowneruuid": "61646D69-6E44-6576-6963-H45Y64HGH453",
        "rowneruuid": "61646D69-6E44-6576-6963-H45Y64HGH453"
    }
}
